id,name,timing,description,url,photo_url,price,unique_id
,asdff,12:25:00,sadfsdaf,sdfsdaf,asdfsadf,25,256
,asdff,13:25:00,sadfsdaf,sdfsdaf,asdfsadf,26,257
,asdff,14:25:00,sadfsdaf,sdfsdaf,asdfsadf,27,258
,asdff,15:25:00,sadfsdaf,sdfsdaf,asdfsadf,28,259
,asdff,16:25:00,sadfsdaf,sdfsdaf,asdfsadf,29,260
,asdff,17:25:00,sadfsdaf,sdfsdaf,asdfsadf,30,261
,asdff,18:25:00,sadfsdaf,sdfsdaf,asdfsadf,31,262
,asdff,19:25:00,sadfsdaf,sdfsdaf,asdfsadf,32,263
,asdff,20:25:00,sadfsdaf,sdfsdaf,asdfsadf,33,264
,asdff,21:25:00,sadfsdaf,sdfsdaf,asdfsadf,34,265
,asdff,22:25:00,sadfsdaf,sdfsdaf,asdfsadf,35,266
,asdff,23:25:00,sadfsdaf,sdfsdaf,asdfsadf,36,267
,asdff,24:25:00,sadfsdaf,sdfsdaf,asdfsadf,37,268
,asdff,25:25:00,sadfsdaf,sdfsdaf,asdfsadf,38,269
,asdff,26:25:00,sadfsdaf,sdfsdaf,asdfsadf,39,270
,asdff,27:25:00,sadfsdaf,sdfsdaf,asdfsadf,40,271
,asdff,28:25:00,sadfsdaf,sdfsdaf,asdfsadf,41,272
,asdff,29:25:00,sadfsdaf,sdfsdaf,asdfsadf,42,273
,asdff,30:25:00,sadfsdaf,sdfsdaf,asdfsadf,43,274
,asdff,31:25:00,sadfsdaf,sdfsdaf,asdfsadf,44,275
,asdff,32:25:00,sadfsdaf,sdfsdaf,asdfsadf,45,276
,asdff,33:25:00,sadfsdaf,sdfsdaf,asdfsadf,46,277
,asdff,34:25:00,sadfsdaf,sdfsdaf,asdfsadf,47,278
,asdff,35:25:00,sadfsdaf,sdfsdaf,asdfsadf,48,279
,asdff,36:25:00,sadfsdaf,sdfsdaf,asdfsadf,49,280
,asdff,37:25:00,sadfsdaf,sdfsdaf,asdfsadf,50,281
,asdff,38:25:00,sadfsdaf,sdfsdaf,asdfsadf,51,282
,asdff,39:25:00,sadfsdaf,sdfsdaf,asdfsadf,52,283
,asdff,40:25:00,sadfsdaf,sdfsdaf,asdfsadf,53,284
,asdff,41:25:00,sadfsdaf,sdfsdaf,asdfsadf,54,285
,asdff,42:25:00,sadfsdaf,sdfsdaf,asdfsadf,55,286
